ID	TrainingDocument	Type
6030	213	6
6031	215	6
6032	219	6
6033	212	6
6034	221	6
6035	214	6
6036	223	6
6037	216	6
6038	225	6
6039	218	6
6040	227	6
6041	220	6
6042	229	6
6043	222	6
6044	231	6
6045	224	6
6046	233	6
6047	226	6
6048	235	6
6049	237	6
6050	228	6
6051	239	6
6052	230	6
6053	232	6
6054	241	6
6055	234	6
6056	243	6
6057	245	6
6058	236	6
6059	247	6
6060	238	6
6061	249	6
6062	240	6
6063	251	6
6064	242	6
6065	253	19
6066	244	6
6067	255	19
6068	246	6
6069	257	19
6070	248	6
6071	259	19
6072	250	6
6073	261	19
6074	252	6
6075	263	4
6076	256	19
6077	258	19
6078	265	4
6079	260	19
6080	267	4
6081	262	19
6082	269	4
6083	271	4
6084	264	4
6085	266	4
6086	273	4
6087	275	4
6088	268	4
6089	277	4
6090	270	4
6091	279	5
6092	281	5
6093	272	4
6094	283	5
6095	274	4
6096	285	5
6097	276	4
6098	287	5
6099	278	4
6100	289	5
6101	280	5
6102	291	5
6103	282	5
6104	293	5
6105	284	5
6106	295	5
6107	286	5
6108	297	5
6109	288	5
6110	299	5
6111	290	5
6112	292	5
6113	301	5
6114	294	5
6115	296	5
6116	303	5
6117	305	5
6118	298	5
6119	307	5
6120	300	5
6121	309	20
6122	302	5
6123	304	5
6124	311	20
6125	306	5
6126	308	5
6127	313	20
6128	315	20
6129	310	20
6130	317	20
6131	312	20
6132	319	20
6133	314	20
6134	321	20
6135	316	20
6136	323	20
6137	318	20
6138	325	20
6139	320	20
6140	327	20
6141	322	20
6142	329	20
6143	324	20
6144	353	2
6145	355	2
6146	326	20
6147	357	2
6148	328	20
6149	359	2
6150	330	20
6151	361	2
6152	354	2
6153	363	2
6154	356	2
6155	365	2
6156	358	2
6157	367	2
6158	360	2
6159	369	2
6160	362	2
6161	373	3
6162	375	3
6163	364	2
6164	377	3
6165	366	2
6166	379	3
6167	368	2
6168	381	3
6169	370	2
6170	383	3
6171	374	3
6172	385	3
6173	376	3
6174	387	1
6175	378	3
6176	389	1
6177	380	3
6178	391	1
6179	382	3
6180	393	1
6181	384	3
6182	395	1
6183	386	3
6184	397	1
6185	388	1
6186	399	1
6187	401	1
6188	403	1
6189	390	1
6190	405	1
6191	392	1
6192	407	1
6193	394	1
6194	409	1
6195	396	1
6196	411	1
6197	398	1
6198	413	1
6199	400	1
6200	415	1
6201	402	1
6202	417	1
6203	404	1
6204	419	1
6205	406	1
6206	421	1
6207	408	1
6208	423	1
6209	410	1
6210	425	2
6211	412	1
6212	427	2
6213	414	1
6214	429	2
6215	416	1
6216	431	2
6217	418	1
6218	420	1
6219	433	2
6220	435	2
6221	422	1
6222	437	2
6223	424	1
6224	439	2
6225	426	2
6226	441	2
6227	428	2
6228	443	2
6229	430	2
6230	445	3
6231	432	2
6232	447	3
6233	434	2
6234	449	3
6235	436	2
6236	451	3
6237	438	2
6238	453	3
6239	440	2
6240	455	3
6241	442	2
6242	457	3
6243	444	2
6244	459	29
6245	446	3
6246	461	29
6247	448	3
6248	463	29
6249	465	29
6250	450	3
6251	467	29
6252	452	3
6253	469	29
6254	454	3
6255	471	29
6256	456	3
6257	473	29
6258	458	29
6259	475	29
6260	460	29
6261	477	29
6262	462	29
6263	479	29
6264	464	29
6265	481	29
6266	466	29
6267	483	29
6268	485	29
6269	468	29
6270	487	29
6271	470	29
6272	472	29
6273	489	29
6274	474	29
6275	491	29
6276	476	29
6277	493	29
6278	478	29
6279	495	29
6280	480	29
6281	482	29
6282	497	29
6283	484	29
6284	499	29
6285	486	29
6286	501	7
6287	488	29
6288	503	7
6289	490	29
6290	505	7
6291	492	29
6292	507	7
6293	494	29
6294	509	7
6295	496	29
6296	511	7
6297	498	29
6298	513	7
6299	500	7
6300	515	7
6301	502	7
6302	517	7
6303	504	7
6304	519	7
6305	506	7
6306	521	7
6307	523	7
6308	508	7
6309	525	7
6310	510	7
6311	527	7
6312	512	7
6313	529	7
6314	514	7
6315	531	7
6316	516	7
6317	533	7
6318	518	7
6319	535	7
6320	520	7
6321	537	7
6322	539	7
6323	522	7
6324	541	7
6325	524	7
6326	543	7
6327	526	7
6328	545	8
6329	547	8
6330	528	7
6331	549	8
6332	530	7
6333	551	8
6334	553	8
6335	532	7
6336	555	8
6337	534	7
6338	557	8
6339	536	7
6340	559	8
6341	538	7
6342	561	8
6343	540	7
6344	563	8
6345	565	8
6346	542	7
6347	567	8
6348	544	7
6349	569	8
6350	546	8
6351	571	8
6352	548	8
6353	573	8
6354	575	8
6355	550	8
6356	552	8
6357	554	8
6358	577	8
6359	556	8
6360	579	8
6361	581	8
6362	558	8
6363	583	8
6364	560	8
6365	585	9
6366	562	8
6367	587	9
6368	564	8
6369	589	9
6370	566	8
6371	591	9
6372	568	8
6373	593	9
6374	570	8
6375	595	9
6376	572	8
6377	597	9
6378	574	8
6379	576	8
6380	599	9
6381	578	8
6382	601	9
6383	580	8
6384	603	9
6385	582	8
6386	605	9
6387	607	9
6388	584	9
6389	611	10
6390	586	9
6391	615	10
6392	588	9
6393	617	10
6394	590	9
6395	619	10
6396	592	9
6397	594	9
6398	621	10
6399	596	9
6400	623	10
6401	598	9
6402	625	10
6403	600	9
6404	602	9
6405	627	10
6406	604	9
6407	629	10
6408	606	9
6409	631	10
6410	633	10
6411	608	10
6412	635	10
6413	612	10
6414	637	10
6415	614	10
6416	639	10
6417	616	10
6418	641	10
6419	645	10
6420	618	10
6421	647	11
6422	649	11
6423	620	10
6424	651	11
6425	653	11
6426	622	10
6427	655	11
6428	624	10
6429	657	11
6430	659	11
6431	626	10
6432	661	11
6433	628	10
6434	663	11
6435	630	10
6436	665	11
6437	632	10
6438	667	11
6439	634	10
6440	669	11
6441	636	10
6442	671	11
6443	673	11
6444	638	10
6445	675	11
6446	642	10
6447	677	11
6448	644	10
6449	679	11
6450	681	11
6451	646	11
6452	683	11
6453	648	11
6454	685	12
6455	650	11
6456	687	12
6457	652	11
6458	689	12
6459	654	11
6460	691	12
6461	656	11
6462	693	12
6463	658	11
6464	660	11
6465	695	12
6466	662	11
6467	697	12
6468	699	12
6469	664	11
6470	701	12
6471	666	11
6472	703	12
6473	668	11
6474	705	12
6475	670	11
6476	707	12
6477	672	11
6478	709	12
6479	674	11
6480	711	12
6481	676	11
6482	713	12
6483	715	12
6484	678	11
6485	717	12
6486	680	11
6487	719	12
6488	682	11
6489	684	11
6490	721	13
6491	686	12
6492	723	13
6493	688	12
6494	690	12
6495	725	13
6496	692	12
6497	727	13
6498	694	12
6499	729	13
6500	696	12
6501	698	12
6502	731	13
6503	700	12
6504	733	13
6505	702	12
6506	704	12
6507	706	12
6508	735	13
6509	708	12
6510	737	13
6511	710	12
6512	712	12
6513	739	13
6514	714	12
6515	741	13
6516	716	12
6517	718	12
6518	743	14
6519	745	14
6520	747	14
6521	720	13
6522	749	14
6523	722	13
6524	751	14
6525	724	13
6526	753	14
6527	726	13
6528	755	14
6529	728	13
6530	757	14
6531	730	13
6532	759	14
6533	732	13
6534	761	14
6535	734	13
6536	763	14
6537	736	13
6538	765	14
6539	738	13
6540	767	14
6541	769	14
6542	740	13
6543	771	14
6544	742	14
6545	773	14
6546	744	14
6547	746	14
6548	775	14
6549	748	14
6550	777	14
6551	750	14
6552	779	14
6553	781	14
6554	752	14
6555	754	14
6556	783	15
6557	756	14
6558	785	15
6559	758	14
6560	787	15
6561	760	14
6562	762	14
6563	789	15
6564	764	14
6565	766	14
6566	791	15
6567	793	15
6568	768	14
6569	795	15
6570	770	14
6571	772	14
6572	797	15
6573	774	14
6574	776	14
6575	799	15
6576	780	14
6577	801	16
6578	803	16
6579	782	15
6580	805	16
6581	784	15
6582	807	16
6583	786	15
6584	809	16
6585	811	16
6586	813	16
6587	815	16
6588	788	15
6589	817	16
6590	819	16
6591	790	15
6592	821	16
6593	823	16
6594	792	15
6595	825	16
6596	794	15
6597	827	16
6598	829	17
6599	796	15
6600	831	17
6601	833	17
6602	835	17
6603	837	17
6604	839	17
6605	798	15
6606	841	17
6607	843	17
6608	845	17
6609	847	17
6610	800	15
6611	849	17
6612	802	16
6613	851	17
6614	804	16
6615	853	17
6616	855	17
6617	806	16
6618	857	17
6619	808	16
6620	859	17
6621	810	16
6622	861	17
6623	812	16
6624	814	16
6625	863	17
6626	865	17
6627	816	16
6628	867	18
6629	818	16
6630	869	18
6631	820	16
6632	871	18
6633	822	16
6634	873	18
6635	875	18
6636	824	16
6637	877	18
6638	826	16
6639	879	18
6640	828	17
6641	881	18
6642	830	17
6643	883	18
6644	832	17
6645	885	18
6646	887	18
6647	834	17
6648	889	18
6649	836	17
6650	891	18
6651	838	17
6652	893	18
6653	840	17
6654	895	18
6655	842	17
6656	897	18
6657	899	18
6658	844	17
6659	901	18
6660	846	17
6661	903	18
6662	848	17
6663	905	18
6664	850	17
6665	907	19
6666	852	17
6667	909	19
6668	854	17
6669	911	19
6670	856	17
6671	913	19
6672	915	19
6673	858	17
6674	860	17
6675	917	19
6676	862	17
6677	919	19
6678	864	17
6679	921	19
6680	923	19
6681	866	17
6682	925	19
6683	868	18
6684	927	19
6685	870	18
6686	929	19
6687	872	18
6688	931	19
6689	874	18
6690	933	19
6691	876	18
6692	935	19
6693	878	18
6694	937	19
6695	880	18
6696	939	19
6697	882	18
6698	941	19
6699	884	18
6700	943	19
6701	886	18
6702	888	18
6703	945	42
6704	890	18
6705	947	42
6706	892	18
6707	949	42
6708	894	18
6709	951	42
6710	896	18
6711	953	42
6712	898	18
6713	955	42
6714	900	18
6715	902	18
6716	957	42
6717	904	18
6718	959	42
6719	906	18
6720	961	42
6721	910	19
6722	963	41
6723	912	19
6724	965	41
6725	914	19
6726	967	41
6727	916	19
6728	969	41
6729	918	19
6730	971	41
6731	920	19
6732	973	41
6733	922	19
6734	975	41
6735	924	19
6736	926	19
6737	977	41
6738	928	19
6739	979	41
6740	930	19
6741	981	41
6742	932	19
6743	983	41
6744	985	1
6745	934	19
6746	987	1
6747	936	19
6748	989	1
6749	991	1
6750	938	19
6751	993	1
6752	995	1
6753	940	19
6754	997	1
6755	999	1
6756	942	19
6757	1001	1
6758	944	42
6759	1003	1
6760	946	42
6761	1005	1
6762	1007	1
6763	948	42
6764	1009	1
6765	950	42
6766	1011	1
6767	952	42
6768	1013	1
6769	954	42
6770	1015	1
6771	1017	29
6772	956	42
6773	1019	7
6774	958	42
6775	1021	7
6776	960	42
6777	962	42
6778	1023	7
6779	1025	7
6780	964	41
6781	1027	7
6782	966	41
6783	1029	7
6784	968	41
6785	1031	7
6786	1033	7
6787	970	41
6788	1035	7
6789	972	41
6790	1037	7
6791	974	41
6792	1039	8
6793	976	41
6794	1041	8
6795	978	41
6796	1043	8
6797	1045	8
6798	980	41
6799	1047	8
6800	982	41
6801	1049	8
6802	1051	8
6803	984	41
6804	1053	10
6805	986	1
6806	1055	10
6807	988	1
6808	1057	10
6809	990	1
6810	1059	10
6811	992	1
6812	1061	10
6813	994	1
6814	1063	10
6815	996	1
6816	1065	11
6817	998	1
6818	1067	11
6819	1000	1
6820	1069	11
6821	1002	1
6822	1071	11
6823	1004	1
6824	1073	11
6825	1006	1
6826	1075	12
6827	1008	1
6828	1077	12
6829	1010	1
6830	1079	12
6831	1012	1
6832	1081	12
6833	1014	1
6834	1083	12
6835	1085	12
6836	1016	1
6837	1087	12
6838	1018	7
6839	1020	7
6840	1089	13
6841	1022	7
6842	1091	14
6843	1024	7
6844	1093	14
6845	1026	7
6846	1095	14
6847	1028	7
6848	1097	14
6849	1030	7
6850	1099	14
6851	1032	7
6852	1101	14
6853	1034	7
6854	1103	14
6855	1036	7
6856	1105	15
6857	1038	8
6858	1107	15
6859	1040	8
6860	1109	15
6861	1111	15
6862	1042	8
6863	1044	8
6864	1113	15
6865	1046	8
6866	1115	16
6867	1048	8
6868	1117	16
6869	1050	8
6870	1119	16
6871	1052	8
6872	1054	10
6873	1121	16
6874	1056	10
6875	1123	16
6876	1127	16
6877	1129	17
6878	1058	10
6879	1060	10
6880	1131	17
6881	1062	10
6882	1064	11
6883	1066	11
6884	1133	17
6885	1068	11
6886	1135	17
6887	1070	11
6888	1072	11
6889	1137	17
6890	1074	12
6891	1139	17
6892	1076	12
6893	1078	12
6894	1141	17
6895	1080	12
6896	1143	17
6897	1082	12
6898	1145	52
6899	1084	12
6900	1147	52
6901	1086	12
6902	1149	52
6903	1151	52
6904	1088	13
6905	1153	52
6906	1090	13
6907	1155	52
6908	1092	14
6909	1157	52
6910	1094	14
6911	1159	52
6912	1096	14
6913	1161	50
6914	1098	14
6915	1163	50
6916	1100	14
6917	1165	50
6918	1102	14
6919	1169	50
6920	1104	15
6921	1171	50
6922	1106	15
6923	1173	50
6924	1108	15
6925	1175	50
6926	1110	15
6927	1177	50
6928	1179	50
6929	1112	15
6930	1114	15
6931	1181	51
6932	1183	51
6933	1116	16
6934	1185	51
6935	1118	16
6936	1187	51
6937	1120	16
6938	1189	53
6939	1122	16
6940	1191	53
6941	1193	53
6942	1124	16
6943	1195	53
6944	1126	16
6945	1197	53
6946	1128	17
6947	1199	53
6948	1130	17
6949	1201	53
6950	1132	17
6951	1203	53
6952	1134	17
6953	1205	11
6954	1136	17
6955	1207	11
6956	1138	17
6957	1209	11
6958	1140	17
6959	1211	11
6960	1213	11
6961	1142	17
6962	1215	11
6963	1144	1
6964	1217	11
6965	1146	52
6966	1219	11
6967	1148	52
6968	2183	58
6969	2185	58
6970	1150	52
6971	2187	58
6972	1152	52
6973	2189	58
6974	1154	52
6975	2191	58
6976	1156	52
6977	2193	58
6978	1158	52
6979	2195	58
6980	1160	50
6981	2197	58
6982	1162	50
6983	2201	56
6984	1164	50
6985	2203	56
6986	1166	50
6987	2205	56
6988	1168	50
6989	2207	56
6990	1170	50
6991	2209	56
6992	1172	50
6993	2211	56
6994	1174	50
6995	2213	56
6996	1176	50
6997	2215	56
6998	2217	16
6999	1178	50
7000	2219	16
7001	1180	51
7002	2221	16
7003	1182	51
7004	2223	17
7005	1184	51
7006	2225	17
7007	1186	51
7008	2227	17
7009	1188	53
7010	1190	53
7011	2229	19
7012	1192	53
7013	2231	19
7014	1194	53
7015	2233	19
7016	2235	19
7017	1196	53
7018	2237	20
7019	1198	53
7020	2239	20
7021	1200	53
7022	2241	20
7023	1202	53
7024	2243	20
7025	1204	11
7026	1206	11
7027	2245	20
7028	1208	11
7029	2247	20
7030	1210	11
7031	2249	20
7032	1212	11
7033	2251	20
7034	1214	11
7035	2253	2
7036	1216	11
7037	2255	2
7038	1218	11
7039	2257	2
7040	2184	58
7041	2259	2
7042	2186	58
7043	2261	2
7044	2188	58
7045	2263	2
7046	2190	58
7047	2265	2
7048	2192	58
7049	2267	2
7050	2194	58
7051	2269	2
7052	2196	58
7053	2271	8
7054	2271	10
7055	2198	58
7056	2273	8
7057	2273	11
7058	2200	58
7059	2275	8
7060	2275	12
7061	2202	56
7062	2277	29
7063	2277	42
7064	2204	56
7065	2279	29
7066	2279	42
7067	2206	56
7068	2281	29
7069	2281	10
7070	2208	56
7071	2283	29
7072	2283	10
7073	2210	56
7074	2285	8
7075	2285	29
7076	2285	10
7077	2212	56
7078	2287	1
7079	2287	41
7080	2214	56
7081	2289	1
7082	2289	41
7083	2291	1
7084	2291	41
7085	2216	16
7086	2293	1
7087	2293	41
7088	2218	16
7089	2295	7
7090	2220	16
7091	2295	15
7092	2222	16
7093	2299	7
7094	2299	15
7095	2224	17
7096	2226	17
7097	2228	17
7098	2230	19
7099	2232	19
7100	2234	19
7101	2236	20
7102	2238	20
7103	2240	20
7104	2242	20
7105	2244	20
7106	2246	20
7107	2248	20
7108	2250	20
7109	2252	20
7110	2254	2
7111	2256	2
7112	2258	2
7113	2260	2
7114	2262	2
7115	2264	2
7116	2266	2
7117	2268	2
7118	2270	2
7119	2272	8
7120	2272	11
7121	2274	8
7122	2274	12
7123	2276	29
7124	2276	42
7125	2278	29
7126	2278	42
7127	2282	29
7128	2282	10
7129	2284	29
7130	2284	10
7131	2286	8
7132	2286	29
7133	2286	10
7134	2288	1
7135	2288	41
7136	2290	1
7137	2290	41
7138	2292	1
7139	2292	41
7140	2294	1
7141	2294	41
7142	2296	7
7143	2296	15
7144	2300	7
7145	2300	15
7146	2303	19
7147	2303	17
7148	2304	19
7149	2304	17
7150	2305	19
7151	2305	17
7152	2306	19
7153	2306	17
7154	2307	29
7155	2307	10
7156	2307	86
7157	2307	12
7158	2308	29
7159	2308	10
7160	2308	86
7161	2308	12
7162	2309	29
7163	2309	10
7164	2309	86
7165	2309	12
7166	2310	1
7167	2310	41
7168	2311	1
7169	2311	41
7170	2312	1
7171	2312	41
7172	2313	1
7173	2313	41
7174	2314	1
7175	2314	41
7176	2315	1
7177	2315	41
7178	2316	1
7179	2316	41
7180	2317	2
7181	2317	6
7182	2318	2
7183	2318	6
7184	2319	2
7185	2319	6
7186	2320	29
7187	2320	10
7188	2321	29
7189	2321	10
7190	2322	29
7191	2322	10
7192	2323	29
7193	2323	10
7194	2324	29
7195	2324	11
7196	2324	12
7197	2325	29
7198	2325	11
7199	2325	12
7200	2326	8
7201	2326	14
7202	2327	8
7203	2327	14
7204	2328	8
7205	2328	14
7206	2329	8
7207	2329	14
7208	2330	19
7209	2330	17
7210	2331	19
7211	2331	17
7212	2332	19
7213	2332	17
7214	2333	19
7215	2333	17
7216	2334	19
7217	2334	17
7218	2335	19
7219	2335	17
7220	2336	19
7221	2336	17
7222	2337	19
7223	2337	17
7224	2338	19
7225	2338	17
7226	2339	19
7227	2339	17
7228	2340	19
7229	2340	17
7230	2341	19
7231	2341	17
7232	2342	19
7233	2342	17
7234	2343	19
7235	2343	16
7236	2344	19
7237	2344	16
7238	2345	19
7239	2345	16
7240	2346	19
7241	2346	16
7242	2347	8
7243	2347	29
7244	2348	8
7245	2348	29
7246	2349	8
7247	2349	29
7248	2350	8
7249	2350	29
7250	2351	8
7251	2351	29
7252	2352	8
7253	2352	29
7254	2353	8
7255	2353	29
7256	2354	19
7257	2354	16
7258	2355	19
7259	2355	16
7260	2356	19
7261	2356	16
7262	2357	19
7263	2357	16
7264	2358	19
7265	2358	18
7266	2359	19
7267	2359	18
7268	2360	11
7269	2360	14
7270	2361	11
7271	2361	14
7272	2362	29
7273	2362	10
7274	2362	12
7275	2362	14
7276	2363	29
7277	2363	10
7278	2363	12
7279	2363	14
7280	2364	19
7281	2364	17
7282	2365	19
7283	2365	17
7284	2366	19
7285	2366	17
7286	2367	19
7287	2367	17
7288	2368	8
7289	2368	15
7290	2369	8
7291	2369	15
7292	2370	8
7293	2370	15
7294	2371	8
7295	2371	29
7296	2372	8
7297	2372	29
7298	2373	8
7299	2373	29
7300	2374	7
7301	2374	15
7302	2375	7
7303	2375	15
7304	2376	7
7305	2376	15
7306	2377	7
7307	2377	15
7308	2378	29
7309	2378	10
7310	2379	29
7311	2379	10
7312	2380	29
7313	2380	10
7314	2381	29
7315	2381	12
7316	2382	29
7317	2382	12
7318	2383	29
7319	2383	12
7320	2384	29
7321	2384	11
7322	2384	12
7323	2385	29
7324	2385	11
7325	2385	12
7326	2386	8
7327	2386	14
7328	2387	8
7329	2387	14
7330	2388	8
7331	2388	14
7332	2389	10
7333	2389	12
7334	2390	10
7335	2390	12
7336	2391	11
7337	2391	12
7338	2392	29
7339	2392	10
7340	2393	29
7341	2393	10
7342	2394	29
7343	2394	10
7344	2395	29
7345	2395	10
7346	2396	8
7347	2396	10
7348	2397	8
7349	2397	10
7350	2398	8
7351	2398	10
7352	2399	8
7353	2399	10
7354	2400	8
7355	2400	10
7356	2401	8
7357	2401	10
7358	2401	86
7359	2402	8
7360	2402	90
7361	2403	8
7362	2403	90
7363	2404	8
7364	2404	90
7365	2405	8
7366	2405	90
7367	2406	1
7368	2406	41
7369	2406	44
7370	2407	1
7371	2407	41
7372	2407	44
7373	2408	29
7374	2408	44
7375	2408	10
7376	2409	29
7377	2409	44
7378	2409	10
7379	2410	29
7380	2410	44
7381	2410	10
7382	2411	29
7383	2411	44
7384	2411	10
7385	2412	8
7386	2412	11
7387	2413	8
7388	2413	11
7389	2414	8
7390	2414	11
7391	2415	8
7392	2415	45
7393	2415	10
7394	2416	1
7395	2416	41
7396	2416	44
7397	2417	1
7398	2417	41
7399	2417	44
7400	2418	1
7401	2418	41
7402	2418	44
7403	2419	1
7404	2419	41
7405	2419	44
7406	2420	1
7407	2420	41
7408	2420	44
7409	2421	8
7410	2421	12
7411	2422	8
7412	2422	12
7413	2423	1
7414	2423	41
7415	2423	89
7416	2424	1
7417	2424	17
7418	2425	1
7419	2425	17
7420	2426	1
7421	2426	17
7422	2427	8
7423	2427	10
7424	2427	86
7425	2427	12
7426	2428	8
7427	2428	15
7428	2428	90
7429	2429	1
7430	2429	15
7431	2429	17
7432	2430	1
7433	2430	15
7434	2430	17
7435	2431	1
7436	2431	15
7437	2431	17
7438	2432	1
7439	2432	17
7440	2433	1
7441	2433	17
7442	2434	1
7443	2434	17
7444	2435	1
7445	2435	17
7446	2436	7
7447	2436	15
7448	2437	7
7449	2437	15
7450	2438	7
7451	2438	15
7452	2439	7
7453	2439	15
7454	2440	47
7455	2440	1
7456	2441	47
7457	2441	1
7458	2442	29
7459	2442	10
7460	2443	29
7461	2443	10
7462	2444	19
7463	2444	17
7464	2445	19
7465	2445	17
7466	2446	19
7467	2446	17
7468	2447	19
7469	2447	17
7470	2448	8
7471	2448	90
7472	2449	8
7473	2449	90
7474	2450	8
7475	2450	90
7476	2451	8
7477	2451	90
7478	2452	91
7479	2452	10
7480	2452	86
7481	2452	11
7482	2452	12
7483	2453	91
7484	2453	10
7485	2453	86
7486	2453	11
7487	2453	12
7488	2454	91
7489	2454	10
7490	2454	86
7491	2454	11
7492	2454	12
7493	2455	29
7494	2455	14
7495	2456	1
7496	2456	41
7497	2456	44
7498	2456	14
7499	2457	1
7500	2457	41
7501	2457	44
7502	2457	14
7503	2458	1
7504	2458	41
7505	2458	14
7506	2459	1
7507	2459	41
7508	2459	14
7509	2460	29
7510	2460	10
7511	2460	14
7512	2461	29
7513	2461	10
7514	2461	14
7515	2462	29
7516	2462	10
7517	2462	14
7518	2463	29
7519	2463	10
7520	2463	14
7521	2464	29
7522	2464	10
7523	2465	29
7524	2465	10
7525	2466	29
7526	2466	10
7527	2467	29
7528	2467	10
7529	2468	8
7530	2468	10
7531	2469	8
7532	2469	10
7533	2470	8
7534	2470	10
7535	2471	19
7536	2471	17
7537	2472	19
7538	2472	17
7539	2473	19
7540	2473	17
7541	2474	19
7542	2474	17
7543	2475	19
7544	2475	17
7545	2476	19
7546	2476	17
7547	2477	19
7548	2477	17
7549	2478	19
7550	2478	17
7551	2479	19
7552	2479	17
7553	2480	19
7554	2480	17
7555	2481	19
7556	2481	17
7557	2482	19
7558	2482	17
7559	2483	19
7560	2483	17
7561	2484	19
7562	2484	17
7563	2485	19
7564	2485	17
7565	2486	19
7566	2486	17
7567	2487	19
7568	2487	17
7569	2488	19
7570	2488	17
7571	2489	19
7572	2489	17
7573	2490	8
7574	2490	14
7575	2491	8
7576	2491	14
7577	2492	8
7578	2492	14
7579	2493	8
7580	2493	14
7581	2494	47
7582	2494	1
7583	2494	14
7584	2495	47
7585	2495	1
7586	2495	14
7587	2496	47
7588	2496	1
7589	2496	14
7590	2497	47
7591	2497	1
7592	2497	14
7593	2498	47
7594	2498	1
7595	2498	14
7596	2499	47
7597	2499	1
7598	2499	14
7599	2500	47
7600	2500	1
7601	2500	14
7602	2501	8
7603	2501	29
7604	2501	14
7605	2502	8
7606	2502	29
7607	2502	14
7608	2503	8
7609	2503	29
7610	2503	14
7611	2504	8
7612	2504	29
7613	2504	14
7614	2505	8
7615	2505	29
7616	2505	14
7617	2506	8
7618	2506	29
7619	2506	14
7620	2507	8
7621	2507	29
7622	2507	14
7623	2508	8
7624	2508	29
7625	2509	8
7626	2509	29
7627	2510	8
7628	2510	29
7629	2511	8
7630	2511	29
7631	2512	8
7632	2512	29
7633	2513	8
7634	2513	29
7635	2514	8
7636	2514	29
7637	2515	19
7638	2515	16
7639	2516	19
7640	2516	16
7641	2517	19
7642	2517	16
7643	2518	19
7644	2518	16
7645	2519	19
7646	2519	16
7647	2520	19
7648	2520	16
7649	2521	19
7650	2521	16
7651	2522	19
7652	2522	16
7653	2523	8
7654	2523	29
7655	2524	8
7656	2524	29
7657	2525	8
7658	2525	29
7659	2526	8
7660	2526	29
7661	2527	8
7662	2527	29
7663	2528	15
7664	2528	50
7665	2529	15
7666	2529	50
7667	2530	15
7668	2530	50
7669	2531	15
7670	2531	50
8667	3531	19
8668	3531	16
8669	3532	19
8670	3532	16
8671	3533	19
8672	3533	16
8673	3534	19
8674	3534	16
8675	3535	19
8676	3535	16
8677	3536	19
8678	3536	16
8679	3537	19
8680	3537	16
8681	3538	19
8682	3538	16
8683	3539	19
8684	3539	16
8685	3540	19
8686	3540	16
8687	3541	19
8688	3541	17
8689	3542	19
8690	3542	17
8691	3543	19
8692	3543	17
8693	3544	19
8694	3544	17
8695	3545	19
8696	3545	17
8697	3546	19
8698	3546	16
8699	3547	19
8700	3547	16
8701	3548	19
8702	3548	16
8703	3549	19
8704	3549	16
8705	3550	19
8706	3550	16
8707	3551	19
8708	3551	16
8709	3552	8
8710	3552	29
8711	3553	8
8712	3553	29
8713	3554	8
8714	3554	29
8715	3555	8
8716	3555	29
8717	3556	8
8718	3556	10
8719	3557	8
8720	3557	10
8721	3558	8
8722	3558	10
8723	3559	29
8724	3559	10
8725	3560	29
8726	3560	10
8727	3561	29
8728	3561	10
8729	3562	29
8730	3562	10
8731	3563	29
8732	3563	10
8733	3564	19
8734	3564	17
8735	3565	19
8736	3565	17
8737	3566	8
8738	3566	14
8739	3567	29
8740	3567	10
8741	3568	29
8742	3568	10
8743	3569	29
8744	3569	10
8745	3570	19
8746	3570	16
8747	3571	29
8748	3571	10
8749	3572	29
8750	3572	10
8751	3573	29
8752	3573	10
8753	3574	29
8754	3574	10
8755	3575	29
8756	3575	10
8757	3576	7
8758	3576	15
8759	3577	7
8760	3577	15
8761	3578	7
8762	3578	15
8763	3579	7
8764	3579	15
8765	3580	94
8766	3581	94
8767	3582	1
8768	3582	41
8769	3582	44
8770	3583	1
8771	3583	41
8772	3583	44
8773	3584	8
8774	3584	29
8775	3585	8
8776	3585	29
8777	3586	8
8778	3586	29
8779	3587	8
8780	3587	29
8781	3588	8
8782	3588	29
8783	3589	8
8784	3589	29
8785	3590	8
8786	3590	29
8787	3591	8
8788	3591	29
8789	3592	29
8790	3592	14
8791	3593	11
8792	3593	12
8793	3594	7
8794	3594	35
8795	3595	7
8796	3595	35
8797	3596	19
8798	3596	16
8799	3597	19
8800	3597	16
8801	3598	19
8802	3598	16
8803	3599	19
8804	3599	16
8805	3600	8
8806	3600	10
8807	3600	11
8808	3601	8
8809	3601	10
8810	3601	11
8811	3602	8
8812	3602	11
8813	3602	14
8814	3603	8
8815	3603	11
8816	3603	14
8817	3604	29
8818	3604	10
8819	3605	29
8820	3605	10
8821	3606	29
8822	3606	10
8823	3607	29
8824	3607	10
8825	3608	8
8826	3608	29
8827	3608	10
8828	3608	12
8829	3609	7
8830	3609	15
8831	3610	7
8832	3610	15
8833	3611	29
8834	3611	10
8835	3611	12
8836	3612	19
8837	3612	18
8838	3613	19
8839	3613	18
8840	3614	8
8841	3614	10
8842	3615	11
8843	3615	12
8844	3616	47
8845	3616	1
8846	3617	47
8847	3617	1
8848	3618	47
8849	3618	1
8850	3619	47
8851	3619	1
8852	3620	47
8853	3620	1
8854	3621	47
8855	3621	1
8856	3622	47
8857	3622	1
8858	3623	47
8859	3623	1
8860	3624	10
8861	3624	12
8862	3625	10
8863	3625	12
8864	3626	10
8865	3626	12
8866	3627	8
8867	3627	11
8868	3627	12
8869	3628	8
8870	3628	11
8871	3628	12
8872	3629	1
8873	3629	17
8874	3630	1
8875	3630	17
8876	3631	1
8877	3631	17
8878	3632	1
8879	3632	17
8880	3633	7
8881	3633	15
8882	3634	7
8883	3634	15
8884	3635	7
8885	3635	15
8886	3636	7
8887	3636	15
8888	3637	8
8889	3637	17
8890	3638	8
8891	3638	10
8892	3638	87
8893	3639	29
8894	3639	14
8895	3640	29
8896	3640	14
8897	3641	11
8898	3642	11
8899	3643	8
8900	3643	15
8901	3643	14
8902	3644	8
8903	3644	11
8904	3644	12
8905	3645	8
8906	3645	10
8907	3645	86
8908	3645	12
8909	3646	8
8910	3646	13
8911	3647	8
8912	3647	12
8913	3648	8
8914	3648	11
8915	3648	14
8916	3649	47
8917	3649	48
8918	3649	93
8919	3649	17
8920	3650	47
8921	3650	48
8922	3650	93
8923	3650	17
8924	3651	47
8925	3651	48
8926	3651	93
8927	3651	17
8928	3652	47
8929	3652	48
8930	3652	93
8931	3652	17
8932	3653	47
8933	3653	48
8934	3653	93
8935	3653	17
8936	3654	28
8937	3654	42
8938	3655	42
8939	3655	17
8940	3656	48
8941	3656	93
8942	3657	48
8943	3657	93
8944	3658	48
8945	3658	93
8946	3659	10
8947	3659	12
8948	3660	10
8949	3660	12
8950	3661	8
8951	3661	29
8952	3661	10
8953	3662	1
8954	3662	41
8955	3662	44
8956	3663	1
8957	3663	41
8958	3663	44
8959	3664	1
8960	3664	41
8961	3664	44
8962	3665	1
8963	3665	41
8964	3665	44
8965	3666	1
8966	3666	41
8967	3666	44
8968	3667	8
8969	3667	10
8970	3668	8
8971	3668	10
8972	3669	8
8973	3669	10
8974	3670	8
8975	3670	10
8976	3670	86
8977	3671	29
8978	3671	10
8979	3671	12
8980	3672	29
8981	3672	10
8982	3672	12
8983	3673	29
8984	3673	10
8985	3673	12
8986	3674	19
8987	3674	16
8988	3675	91
8989	3676	91
8990	3677	91
8991	3678	91
8992	3679	29
8993	3679	42
8994	3680	1
8995	3680	41
8996	3681	19
8997	3681	17
8998	3682	19
8999	3682	17
9000	3683	19
9001	3683	17
9002	3684	19
9003	3684	17
9004	3685	8
9005	3685	29
9006	3686	8
9007	3686	29
9008	3687	8
9009	3687	29
9010	3688	19
9011	3688	16
9012	3689	19
9013	3689	16
9014	3690	47
9015	3690	1
9016	3691	47
9017	3691	1
9018	3692	29
9019	3692	10
9020	3693	29
9021	3693	10
9022	3694	8
9023	3694	15
9024	3695	8
9025	3695	15
9026	3696	8
9027	3696	15
9028	3697	29
9029	3697	10
9030	3698	29
9031	3698	10
9032	3699	29
9033	3699	10
9034	3700	7
9035	3700	15
9036	3701	7
9037	3701	15
9038	3702	7
9039	3702	15
9040	3703	7
9041	3703	15
9042	3704	8
9043	3704	10
9044	3705	8
9045	3705	10
9046	3706	8
9047	3706	14
9048	3707	8
9049	3707	14
9050	3708	8
9051	3708	14
9052	3709	29
9053	3709	12
9054	3710	29
9055	3710	12
9056	3711	29
9057	3711	12
9058	3712	29
9059	3712	12
9060	3713	29
9061	3713	12
9062	3714	8
9063	3714	29
9064	3715	8
9065	3715	29
9066	3716	10
9067	3716	12
9068	3717	10
9069	3717	12
9070	3718	8
9071	3718	29
9072	3719	8
9073	3719	29
9074	3720	87
9075	3720	92
9076	3721	87
9077	3721	92
9078	3722	29
9079	3722	14
9080	3723	8
9081	3723	12
9082	3724	8
9083	3724	12
9084	3725	8
9085	3725	86
9086	3725	12
9087	3726	11
9088	3726	12
9089	3727	11
9090	3727	12
9091	3728	8
9092	3728	11
9093	3728	12
9094	3729	29
9095	3729	11
9096	3729	12
9097	3730	11
9098	3730	12
9099	3731	8
9100	3731	11
9101	3732	19
9102	3732	17
9103	3733	19
9104	3733	17
9105	3734	19
9106	3734	17
9107	3735	19
9108	3735	17
9109	3736	19
9110	3736	17
9111	3737	19
9112	3737	17
9113	3738	8
9114	3738	11
9115	3738	12
9116	3739	29
9117	3739	10
9118	3739	92
9119	3740	19
9120	3740	17
9121	3741	19
9122	3741	17
9123	3742	19
9124	3742	17
9125	3743	19
9126	3743	17
9127	3744	19
9128	3744	17
9129	3745	19
9130	3745	17
9131	3746	19
9132	3746	17
9133	3747	19
9134	3747	17
9135	3748	19
9136	3748	17
9137	3749	19
9138	3749	17
9139	3750	19
9140	3750	17
9141	3751	19
9142	3751	17
9143	3752	8
9144	3752	14
9145	3753	7
9146	3753	15
9147	3754	2
9148	3754	89
9149	3755	29
9150	3755	10
9151	3756	29
9152	3756	10
9153	3757	29
9154	3757	10
9155	3758	29
9156	3758	10
9157	3759	29
9158	3759	10
9159	3759	11
9160	3759	12
9161	3760	8
9162	3760	29
9163	3760	10
9164	3760	11
9165	3761	51
9166	3761	10
9167	3761	12
9168	3762	51
9169	3762	10
9170	3762	12
9171	3763	47
9172	3763	48
9173	3764	29
9174	3764	10
9175	3764	17
9176	3765	7
9177	3765	15
9178	3766	7
9179	3766	15
9180	3767	29
9181	3767	11
9182	3767	12
9183	3768	51
9184	3768	8
9185	3769	51
9186	3769	8
9187	3770	29
9188	3770	12
9189	3771	29
9190	3771	35
9191	3772	13
9192	3772	10
9193	3773	13
9194	3773	10
9195	3774	13
9196	3774	10
9197	3775	19
9198	3775	16
9199	3776	2
9200	3776	6
9201	3777	2
9202	3777	6
9203	3778	2
9204	3778	6
9205	3779	7
9206	3779	15
9207	3780	7
9208	3780	15
9209	3781	38
9210	3782	38
9211	3783	38
9212	3784	2
9213	3784	93
9214	3785	2
9215	3785	93
9216	3786	28
9217	3786	41
9218	3786	42
9219	3787	28
9220	3787	41
9221	3787	42
9222	3788	38
9223	3789	38
9224	3790	38
9225	3791	2
9226	3791	93
9227	3792	42
9228	3792	17
9229	3793	42
9230	3793	17
9231	3794	8
9232	3794	10
9233	3795	8
9234	3795	10
